"","Pectis tenuifolia","Chiococa alba","Darwiniothamnus tenuifolius","Opuntia echios","Scalesia affinis","Waltheria ovata","Cordia lutea","Cordia revoluta","Jasminoserius thouarsii","Lippia rosmarinifolia","Passiflora foetida","Plumbago scandens"
"Xylocopa darwini",1,1,1,1,1,1,1,1,1,1,1,0
"Lepidanthrax tinctus",1,1,1,1,1,1,0,0,0,0,0,0
"Halmenus cuspidatus",0,1,1,1,1,1,0,0,0,0,0,0
"Phoebis sennae",0,0,0,0,0,0,0,0,0,0,0,1
"Unidentified sp1 M_PL_042",1,0,0,0,0,0,0,0,0,0,0,0
"Unidentified sp2 M_PL_042",1,0,0,0,0,0,0,0,0,0,0,0
