"","Salix repens","Calluna vulgaris","Potentilla erecta","Solidago virgaurea","Erica tetralix","Vaccinium uliginosum","Hypochoeris radicata","Galium saxatile","Vaccinium vitis-idaea","Hieracium umbellatum","Vaccinium myrtillus","Scorzonea humilis","Genista anglica","Trientalis europaea","Salix aurita","Campanula rotundifolia","Hieracium pilosella","Empetrum nigrum","Epilobium angustifolium"
"Apis mellifera",1,1,1,1,1,1,0,0,1,0,1,1,0,1,1,1,0,1,0
"Episyrphus balteatus",0,1,1,1,1,0,1,1,1,1,0,0,1,0,0,1,0,0,1
"Eupeodes corollae ",0,1,1,1,1,0,1,1,1,1,0,0,1,0,0,0,0,0,0
"Melanostoma mellinum",1,1,1,0,0,1,1,0,1,0,0,0,1,1,0,0,1,0,0
"Parasyrphus lineola",1,1,1,0,1,1,1,1,0,1,0,0,0,0,0,0,1,0,0
"Platycheirus cyaneus",1,1,1,0,1,1,0,1,1,1,0,0,0,1,0,0,0,0,0
"Scaeva selenitica",1,1,1,1,1,0,1,1,0,1,0,1,0,0,0,0,0,0,0
"Bombus lucorum",1,1,0,1,1,1,0,0,1,0,1,0,0,0,1,0,0,0,0
"Bombus pascuorum",1,0,1,1,1,1,0,0,1,0,1,1,0,0,0,0,0,0,0
"Meliscaeva cinctella",1,1,1,1,1,0,1,1,0,1,0,0,0,0,0,0,0,0,0
"Sphaerophoria sp1 M_PL_047",1,1,1,0,0,1,1,0,0,1,0,0,1,1,0,0,0,0,0
"Bombus sp1 M_PL_047",0,1,1,0,0,1,0,0,1,1,1,0,1,0,0,0,0,0,0
"Sicus ferrugineus",1,1,0,1,0,0,1,0,0,1,1,1,0,0,0,0,0,0,0
"Syrphus torvus",1,1,0,0,1,1,1,1,0,1,0,0,0,0,0,0,0,0,0
"Bombus jonellus",0,1,1,1,1,1,0,0,1,0,0,0,0,0,0,0,0,0,0
"Bombus sp2 M_PL_047",0,1,1,0,1,1,0,1,1,0,0,0,0,0,0,0,0,0,0
"Lasioglossum punctatissimum",1,0,1,1,0,1,0,0,0,0,0,0,1,1,0,0,0,0,0
"Sphaerophoria menthastri-group",1,1,1,1,0,0,1,0,0,1,0,0,0,0,0,0,0,0,0
"Andrena haemorrhoa",1,0,0,0,0,0,0,0,1,0,1,1,0,0,1,0,0,0,0
"Eristalis tenax",0,1,1,1,1,0,1,0,0,0,0,0,0,0,0,0,0,0,0
"Lasioglossum fratellum",0,0,1,1,1,0,1,0,0,0,0,0,0,0,0,1,0,0,0
"Leptura melanura",0,1,0,1,1,0,1,1,0,0,0,0,0,0,0,0,0,0,0
"Meligethes aeneus",1,0,1,1,0,0,0,0,1,0,0,1,0,0,0,0,0,0,0
"Syrphus ribesii",0,1,1,0,1,0,1,0,0,1,0,0,0,0,0,0,0,0,0
"Bombus bohemicus",0,1,0,1,1,0,1,0,0,0,0,0,0,0,0,0,0,0,0
"Bombus lapidarius",0,1,1,0,1,1,0,0,0,0,0,0,0,0,0,0,0,0,0
"Chrysotoxum fasciatum",0,1,1,0,0,1,1,0,0,0,0,0,0,0,0,0,0,0,0
"Lasioglossum sp1 M_PL_047",1,0,1,1,0,0,1,0,0,0,0,0,0,0,0,0,0,0,0
"Lasioglossum villosulum",0,0,1,0,0,0,1,0,0,0,0,1,0,0,0,0,1,0,0
"Scatophaga stercoraria",1,1,1,1,0,0,0,0,0,0,0,0,0,0,0,0,0,0,0
"Syritta pipiens",1,1,1,1,0,0,0,0,0,0,0,0,0,0,0,0,0,0,0
"Volucella bombylans",0,1,1,1,1,0,0,0,0,0,0,0,0,0,0,0,0,0,0
"Andrena fulva",1,0,0,0,0,1,0,0,0,0,1,0,0,0,0,0,0,0,0
"Andrena nigroaenea",1,0,0,0,0,1,0,0,0,0,1,0,0,0,0,0,0,0,0
"Andrena sp1 M_PL_047",1,0,0,1,1,0,0,0,0,0,0,0,0,0,0,0,0,0,0
"Bellardia vulgaris",1,1,0,0,0,1,0,0,0,0,0,0,0,0,0,0,0,0,0
"Bombus pratorum",1,0,0,1,1,0,0,0,0,0,0,0,0,0,0,0,0,0,0
"Callophrys rubi",1,0,0,0,0,1,0,0,1,0,0,0,0,0,0,0,0,0,0
"Cerceris arenaria",0,1,0,1,1,0,0,0,0,0,0,0,0,0,0,0,0,0,0
"Coenosia means",0,0,1,1,0,0,0,1,0,0,0,0,0,0,0,0,0,0,0
"Gonia picea",1,0,0,0,0,1,0,0,0,0,1,0,0,0,0,0,0,0,0
"Lasioglossum leucozonium",0,0,0,1,0,0,1,0,0,0,0,1,0,0,0,0,0,0,0
"Megasyrphus erraticus",1,0,0,0,0,1,0,0,0,0,0,0,0,1,0,0,0,0,0
"Vespula vulgaris ",1,0,0,0,0,1,0,0,0,0,1,0,0,0,0,0,0,0,0
"Anarta myrtilli",0,1,0,0,1,0,0,0,0,0,0,0,0,0,0,0,0,0,0
"Andrena clarkella",1,0,0,0,0,0,0,0,0,0,0,0,0,0,1,0,0,0,0
"Andrena lapponica",0,0,0,0,0,1,0,0,1,0,0,0,0,0,0,0,0,0,0
"Anoplius sp1 M_PL_047",1,0,0,0,0,0,0,1,0,0,0,0,0,0,0,0,0,0,0
"Bombus rupestris",0,0,0,1,1,0,0,0,0,0,0,0,0,0,0,0,0,0,0
"Calameuta pallipes",0,0,1,0,0,0,0,0,0,0,0,1,0,0,0,0,0,0,0
"Dasysyrphus albostriatus",1,0,0,0,0,1,0,0,0,0,0,0,0,0,0,0,0,0,0
"Dasysyrphus tricinctus",1,0,0,0,0,0,0,0,0,0,0,1,0,0,0,0,0,0,0
"Dilophus febrilis",1,1,0,0,0,0,0,0,0,0,0,0,0,0,0,0,0,0,0
"Dolichovespula saxonica",0,1,0,0,0,0,0,0,1,0,0,0,0,0,0,0,0,0,0
"Empis sp1 M_PL_047",0,1,0,1,0,0,0,0,0,0,0,0,0,0,0,0,0,0,0
"Eristalis lineata",0,1,0,1,0,0,0,0,0,0,0,0,0,0,0,0,0,0,0
"Eupeodes nielseni",0,0,0,0,0,0,1,0,0,0,0,0,1,0,0,0,0,0,0
"Formica fusca",0,0,1,0,0,0,0,1,0,0,0,0,0,0,0,0,0,0,0
"Formica rufa",1,0,0,0,0,0,0,0,0,0,1,0,0,0,0,0,0,0,0
"Gymnosoma nudifrons",1,1,0,0,0,0,0,0,0,0,0,0,0,0,0,0,0,0,0
"Helophilus pendulus",0,1,1,0,0,0,0,0,0,0,0,0,0,0,0,0,0,0,0
"Inachis io",0,1,1,0,0,0,0,0,0,0,0,0,0,0,0,0,0,0,0
"Mellinus arvensis",0,1,1,0,0,0,0,0,0,0,0,0,0,0,0,0,0,0,0
"Micropterix aruncella",0,0,1,0,0,0,0,1,0,0,0,0,0,0,0,0,0,0,0
"Mimesa equestris",0,0,1,0,1,0,0,0,0,0,0,0,0,0,0,0,0,0,0
"Myrmica ruginodis",1,0,0,1,0,0,0,0,0,0,0,0,0,0,0,0,0,0,0
"Nomada panzeri",0,0,0,0,0,0,0,1,0,0,0,0,0,1,0,0,0,0,0
"Nomada sp1 M_PL_047",1,0,0,0,0,1,0,0,0,0,0,0,0,0,0,0,0,0,0
"Phaonia angelicae",0,1,0,1,0,0,0,0,0,0,0,0,0,0,0,0,0,0,0
"Phaonia incana",1,0,0,0,0,0,1,0,0,0,0,0,0,0,0,0,0,0,0
"Phyllopertha horticola",1,0,0,1,0,0,0,0,0,0,0,0,0,0,0,0,0,0,0
"Sarcophaga sp1 M_PL_047",1,1,0,0,0,0,0,0,0,0,0,0,0,0,0,0,0,0,0
"Scatophaga inquinata",1,0,0,0,0,0,0,0,0,0,0,0,0,0,1,0,0,0,0
"Sepsis cynipsea",0,1,1,0,0,0,0,0,0,0,0,0,0,0,0,0,0,0,0
"Sericomyia silentis",0,1,0,0,1,0,0,0,0,0,0,0,0,0,0,0,0,0,0
"Sphaerophoria scripta",0,1,0,0,0,0,1,0,0,0,0,0,0,0,0,0,0,0,0
"Tricholinum sp1 M_PL_047",0,1,0,1,0,0,0,0,0,0,0,0,0,0,0,0,0,0,0
"Unidentified sp16 M_PL_047",0,1,0,0,0,0,0,0,1,0,0,0,0,0,0,0,0,0,0
"Unidentified sp3 M_PL_047",1,0,1,0,0,0,0,0,0,0,0,0,0,0,0,0,0,0,0
"Unidentified sp5 M_PL_047",1,0,1,0,0,0,0,0,0,0,0,0,0,0,0,0,0,0,0
"Unidentified sp7 M_PL_047",0,0,1,0,0,0,0,0,0,0,0,0,0,0,0,0,0,1,0
"Zaira cinerea",1,0,0,0,0,1,0,0,0,0,0,0,0,0,0,0,0,0,0
"Zophomyia temula",1,0,0,0,0,1,0,0,0,0,0,0,0,0,0,0,0,0,0
"Adela cuprella",1,0,0,0,0,0,0,0,0,0,0,0,0,0,0,0,0,0,0
"Adia cinerella ",1,0,0,0,0,0,0,0,0,0,0,0,0,0,0,0,0,0,0
"Ammophila pubescens",0,0,0,0,0,0,0,1,0,0,0,0,0,0,0,0,0,0,0
"Anarta sp1 M_PL_047",0,0,0,0,0,0,0,0,1,0,0,0,0,0,0,0,0,0,0
"Andrena barbilabris",1,0,0,0,0,0,0,0,0,0,0,0,0,0,0,0,0,0,0
"Andrena fuscipes",0,1,0,0,0,0,0,0,0,0,0,0,0,0,0,0,0,0,0
"Andrena tarsata",0,0,1,0,0,0,0,0,0,0,0,0,0,0,0,0,0,0,0
"Andrena wilkella",0,0,0,0,1,0,0,0,0,0,0,0,0,0,0,0,0,0,0
"Aplotarsus incanus",1,0,0,0,0,0,0,0,0,0,0,0,0,0,0,0,0,0,0
"Arge ustulata",0,0,0,1,0,0,0,0,0,0,0,0,0,0,0,0,0,0,0
"Athous subfuscus",1,0,0,0,0,0,0,0,0,0,0,0,0,0,0,0,0,0,0
"Autographa bractea",0,1,0,0,0,0,0,0,0,0,0,0,0,0,0,0,0,0,0
"Bibio lanigerus",1,0,0,0,0,0,0,0,0,0,0,0,0,0,0,0,0,0,0
"Bombus cryptarum",0,0,0,0,1,0,0,0,0,0,0,0,0,0,0,0,0,0,0
"Bombus muscorum",0,0,0,0,1,0,0,0,0,0,0,0,0,0,0,0,0,0,0
"Bombus terrestris",0,0,0,1,0,0,0,0,0,0,0,0,0,0,0,0,0,0,0
"Calliopum aeneum",0,1,0,0,0,0,0,0,0,0,0,0,0,0,0,0,0,0,0
"Cephalops obtusinervis",0,0,1,0,0,0,0,0,0,0,0,0,0,0,0,0,0,0,0
"Cerceris rybyensis",0,1,0,0,0,0,0,0,0,0,0,0,0,0,0,0,0,0,0
"Cheilosia albitarsis",1,0,0,0,0,0,0,0,0,0,0,0,0,0,0,0,0,0,0
"Cheilosia urbana",1,0,0,0,0,0,0,0,0,0,0,0,0,0,0,0,0,0,0
"Chrysomela collaris",1,0,0,0,0,0,0,0,0,0,0,0,0,0,0,0,0,0,0
"Chrysotoxum arcuatum",0,0,1,0,0,0,0,0,0,0,0,0,0,0,0,0,0,0,0
"Chrysotoxum bicinctum",0,0,1,0,0,0,0,0,0,0,0,0,0,0,0,0,0,0,0
"Coenosia femoralis",0,0,1,0,0,0,0,0,0,0,0,0,0,0,0,0,0,0,0
"Coenosia sp1 M_PL_047",0,0,0,0,0,0,0,0,0,0,0,0,1,0,0,0,0,0,0
"Coenosia tigrina",1,0,0,0,0,0,0,0,0,0,0,0,0,0,0,0,0,0,0
"Colletes cunicularius",0,0,0,0,0,0,0,0,0,0,0,0,0,0,1,0,0,0,0
"Colletes succinctus",0,1,0,0,0,0,0,0,0,0,0,0,0,0,0,0,0,0,0
"Conops flavipes",0,1,0,0,0,0,0,0,0,0,0,0,0,0,0,0,0,0,0
"Conops quadrifasciatus",0,1,0,0,0,0,0,0,0,0,0,0,0,0,0,0,0,0,0
"Crossocerus leucostoma",1,0,0,0,0,0,0,0,0,0,0,0,0,0,0,0,0,0,0
"Cynomya mortuorum",1,0,0,0,0,0,0,0,0,0,0,0,0,0,0,0,0,0,0
"Dilophus humeralis",1,0,0,0,0,0,0,0,0,0,0,0,0,0,0,0,0,0,0
"Dolichovespula norwegica",0,1,0,0,0,0,0,0,0,0,0,0,0,0,0,0,0,0,0
"Egle brevicornis",1,0,0,0,0,0,0,0,0,0,0,0,0,0,0,0,0,0,0
"Egle minuta",1,0,0,0,0,0,0,0,0,0,0,0,0,0,0,0,0,0,0
"Empis tessellata",0,0,0,0,0,1,0,0,0,0,0,0,0,0,0,0,0,0,0
"Entomophaga nigrohalterata",1,0,0,0,0,0,0,0,0,0,0,0,0,0,0,0,0,0,0
"Eristalinus sepulchralis",0,0,1,0,0,0,0,0,0,0,0,0,0,0,0,0,0,0,0
"Eristalis arbustorum",0,0,0,1,0,0,0,0,0,0,0,0,0,0,0,0,0,0,0
"Eristalis interrupta",0,1,0,0,0,0,0,0,0,0,0,0,0,0,0,0,0,0,0
"Eristalis intricaria",0,1,0,0,0,0,0,0,0,0,0,0,0,0,0,0,0,0,0
"Eristalis pertinax",0,1,0,0,0,0,0,0,0,0,0,0,0,0,0,0,0,0,0
"Ernestia rudis",1,0,0,0,0,0,0,0,0,0,0,0,0,0,0,0,0,0,0
"Formica sanguinea",0,0,0,0,0,0,0,1,0,0,0,0,0,0,0,0,0,0,0
"Halictus confusus",0,0,0,1,0,0,0,0,0,0,0,0,0,0,0,0,0,0,0
"Hedychrum nobile",0,1,0,0,0,0,0,0,0,0,0,0,0,0,0,0,0,0,0
"Hercostomus sp1 M_PL_047",0,0,1,0,0,0,0,0,0,0,0,0,0,0,0,0,0,0,0
"Heterostylodes pratensis",0,0,0,0,0,0,0,0,0,1,0,0,0,0,0,0,0,0,0
"Hydrophoria lancifer",0,0,1,0,0,0,0,0,0,0,0,0,0,0,0,0,0,0,0
"Hydrotaea similis",0,1,0,0,0,0,0,0,0,0,0,0,0,0,0,0,0,0,0
"Hylaeus annularis",0,0,0,1,0,0,0,0,0,0,0,0,0,0,0,0,0,0,0
"Hylaeus brevicornis",0,0,1,0,0,0,0,0,0,0,0,0,0,0,0,0,0,0,0
"Hylaeus sp1 M_PL_047",0,0,0,0,0,0,0,0,0,1,0,0,0,0,0,0,0,0,0
"Lasioglossum leucopus",0,0,1,0,0,0,0,0,0,0,0,0,0,0,0,0,0,0,0
"Lasioglossum sexmaculatum",1,0,0,0,0,0,0,0,0,0,0,0,0,0,0,0,0,0,0
"Lasiomma picipes",1,0,0,0,0,0,0,0,0,0,0,0,0,0,0,0,0,0,0
"Leucozona lucorum",0,0,0,0,0,1,0,0,0,0,0,0,0,0,0,0,0,0,0
"Lucilia bufonivora",0,1,0,0,0,0,0,0,0,0,0,0,0,0,0,0,0,0,0
"Lycaena virgaureae",0,1,0,0,0,0,0,0,0,0,0,0,0,0,0,0,0,0,0
"Lycophotia porphyrea",0,0,0,0,1,0,0,0,0,0,0,0,0,0,0,0,0,0,0
"Megachile versicolor",0,0,0,0,1,0,0,0,0,0,0,0,0,0,0,0,0,0,0
"Mesochorus sp1 M_PL_047",1,0,0,0,0,0,0,0,0,0,0,0,0,0,0,0,0,0,0
"Microgaster sp1 M_PL_047",1,0,0,0,0,0,0,0,0,0,0,0,0,0,0,0,0,0,0
"Morellia aenescens",0,0,0,1,0,0,0,0,0,0,0,0,0,0,0,0,0,0,0
"Neomyia cornicina",0,0,0,0,1,0,0,0,0,0,0,0,0,0,0,0,0,0,0
"Nomada flava",0,0,0,1,0,0,0,0,0,0,0,0,0,0,0,0,0,0,0
"Nomada ruficornis",1,0,0,0,0,0,0,0,0,0,0,0,0,0,0,0,0,0,0
"Nomada rufipes",0,1,0,0,0,0,0,0,0,0,0,0,0,0,0,0,0,0,0
"Oedemera lurida",0,0,1,0,0,0,0,0,0,0,0,0,0,0,0,0,0,0,0
"Orthonerva geniculata",1,0,0,0,0,0,0,0,0,0,0,0,0,0,0,0,0,0,0
"Oxybelus mandibularis",0,0,0,1,0,0,0,0,0,0,0,0,0,0,0,0,0,0,0
"Phaonia pallida",0,0,1,0,0,0,0,0,0,0,0,0,0,0,0,0,0,0,0
"Phaonia serva",1,0,0,0,0,0,0,0,0,0,0,0,0,0,0,0,0,0,0
"Poecilobothrus nobilitatus",0,0,0,0,0,0,0,0,0,0,0,0,0,1,0,0,0,0,0
"Pollenia angustigena",0,1,0,0,0,0,0,0,0,0,0,0,0,0,0,0,0,0,0
"Pollenia rudis",0,1,0,0,0,0,0,0,0,0,0,0,0,0,0,0,0,0,0
"Potosia cuprea",0,1,0,0,0,0,0,0,0,0,0,0,0,0,0,0,0,0,0
"Prosternon tessellatum",0,0,0,0,0,0,0,1,0,0,0,0,0,0,0,0,0,0,0
"Rhagonycha fulva",0,1,0,0,0,0,0,0,0,0,0,0,0,0,0,0,0,0,0
"Rhamphomyia sp1 M_PL_047",1,0,0,0,0,0,0,0,0,0,0,0,0,0,0,0,0,0,0
"Scaeva pyrastri",0,1,0,0,0,0,0,0,0,0,0,0,0,0,0,0,0,0,0
"Sciara sp1 M_PL_047",0,1,0,0,0,0,0,0,0,0,0,0,0,0,0,0,0,0,0
"Sphaerophoria philanthus",0,0,0,0,0,0,0,0,0,1,0,0,0,0,0,0,0,0,0
"Sphecodes ephippius",1,0,0,0,0,0,0,0,0,0,0,0,0,0,0,0,0,0,0
"Sphecodes geoffrellus",1,0,0,0,0,0,0,0,0,0,0,0,0,0,0,0,0,0,0
"Sphecodes pellucidus",1,0,0,0,0,0,0,0,0,0,0,0,0,0,0,0,0,0,0
"Sphecodes sp1 M_PL_047",0,1,0,0,0,0,0,0,0,0,0,0,0,0,0,0,0,0,0
"Tachina grossa",0,1,0,0,0,0,0,0,0,0,0,0,0,0,0,0,0,0,0
"Unidentified sp1 M_PL_047",1,0,0,0,0,0,0,0,0,0,0,0,0,0,0,0,0,0,0
"Unidentified sp10 M_PL_047",0,0,1,0,0,0,0,0,0,0,0,0,0,0,0,0,0,0,0
"Unidentified sp11 M_PL_047",0,0,0,0,0,1,0,0,0,0,0,0,0,0,0,0,0,0,0
"Unidentified sp12 M_PL_047",0,1,0,0,0,0,0,0,0,0,0,0,0,0,0,0,0,0,0
"Unidentified sp13 M_PL_047",0,1,0,0,0,0,0,0,0,0,0,0,0,0,0,0,0,0,0
"Unidentified sp14 M_PL_047",1,0,0,0,0,0,0,0,0,0,0,0,0,0,0,0,0,0,0
"Unidentified sp15 M_PL_047",0,0,0,1,0,0,0,0,0,0,0,0,0,0,0,0,0,0,0
"Unidentified sp2 M_PL_047",0,0,0,1,0,0,0,0,0,0,0,0,0,0,0,0,0,0,0
"Unidentified sp4 M_PL_047",0,0,1,0,0,0,0,0,0,0,0,0,0,0,0,0,0,0,0
"Unidentified sp6 M_PL_047",0,0,1,0,0,0,0,0,0,0,0,0,0,0,0,0,0,0,0
"Unidentified sp8 M_PL_047",0,0,1,0,0,0,0,0,0,0,0,0,0,0,0,0,0,0,0
"Unidentified sp9 M_PL_047",1,0,0,0,0,0,0,0,0,0,0,0,0,0,0,0,0,0,0
"Zygaena trifolii",0,1,0,0,0,0,0,0,0,0,0,0,0,0,0,0,0,0,0
