"","Hedera helix","Ilex aquifolium","Unidentified sp1 M_SD_024","Solanum nigrum","Sorbus aucuparia","Unidentified sp2 M_SD_024","Fragaria vespa","Rosa sp1 M_SD_024","Vaccinium myrtillus","Prunus spinosa","Taxus bacatta","Unidentified sp3 M_SD_024"
"Turdus merula",1,1,1,1,1,1,1,1,1,1,0,0
"Turdus iliacus",1,1,1,1,1,0,0,1,0,0,0,1
"Erithacus rubecula",1,1,1,1,0,1,1,0,0,0,0,0
"Garrulus glandarius",0,1,1,0,0,1,0,1,0,1,1,0
"Sylvia atricapilla",0,0,1,1,0,0,1,0,1,0,0,0
"Turdus viscivorus",1,1,0,0,1,1,0,0,0,0,0,0
"Turdus philomelos",1,0,0,0,1,0,0,0,1,0,0,0
