"","Symplocos prunifolia","Cleyera japonica","Eurya japonica","Schefflera octophylla","Myrsine sguinii","Daphniphyllum teijsmannii","Myrica rubra","Ardisia sieboldii","Litsea acuminata","Vaccinium bracteatum","Neolitsea aciculata","Persea thunbergii","Diospyros morrisiana","Prunus jamasakura","Taxillus yadoriki"
"Hypsipetes amaurotis",2,1,2,2,2,2,1,1,3,0,2,2,0,1,1
"Turdus pallidus",1,2,1,2,2,0,0,2,0,3,0,0,0,0,0
"Sphenurus formosae",2,1,2,0,0,0,2,0,0,0,0,0,1,0,0
"Zosterops japonica",1,1,2,1,2,0,0,0,0,0,0,0,0,0,0
"Columba janthina",0,1,0,2,0,1,1,0,0,0,0,0,0,0,0
"Turdus chrysolaus",1,0,0,0,0,2,0,0,0,0,0,0,0,0,0
"Ficedula narcissina",1,0,0,0,0,0,0,0,0,0,0,0,0,0,0
"Turdus dauma",0,1,0,0,0,0,0,0,0,0,0,0,0,0,0
